key,user_transaction_time,channel,transaction_risk_score,processing_type,cc_amount,ledger_balance,cc_acceptor_state,acceptor_state,cardholder_presence,card_presence
9d851f1b-00b3-4b02-9494-beda8866d6f7,2020-12-29T16:13:49Z,ECOMMERCE,82,MANUAL,14.99,134.91,,,0,0
dc13ebc6-a527-46d0-b424-6642d47c8a11,2020-12-29T16:13:32Z,ECOMMERCE,82,MANUAL,14.99,359.76,,,0,0
5e8f4d8f-a720-4a3d-ac55-f8953db3b527,2020-12-29T16:13:13Z,ECOMMERCE,82,MANUAL,14.99,419.72,,,0,0
74e6ff6d-f341-4300-8cac-30ab9e5ed5cf,2020-12-29T16:12:56Z,ECOMMERCE,82,MANUAL,14.99,149.9,,,0,0
c63d2508-f935-4092-bde1-434e1acbd0ef,2020-12-29T16:12:38Z,ECOMMERCE,82,MANUAL,14.99,164.89,,,0,0
cb453852-07bc-462d-b962-3ec839b6f1bc,2020-12-29T16:12:20Z,ECOMMERCE,82,MANUAL,14.99,179.88,,,0,0
93d837e8-317c-448f-a5ef-4765cbf5cffc,2020-12-29T16:12:01Z,ECOMMERCE,82,MANUAL,14.99,269.82,,,0,0
720893ac-141b-4cb5-90c7-18f8f4bcaf9a,2020-12-29T16:11:43Z,ECOMMERCE,78,MANUAL,14.99,374.75,,,0,0
825c15e9-67bb-440d-9fde-098fb3bac98f,2020-12-29T16:11:25Z,ECOMMERCE,78,MANUAL,14.99,389.74,,,0,0
b3c8200f-acf4-4347-a49d-e83a05f9122c,2020-12-29T16:11:06Z,ECOMMERCE,77,MANUAL,14.99,434.71,,,0,0
30a9cfeb-e0a7-45ce-ab35-591909939417,2020-12-29T16:10:50Z,ECOMMERCE,78,MANUAL,14.99,404.73,,,0,0
8713ab04-384f-469f-ac01-fe43890cb496,2020-12-29T16:10:32Z,ECOMMERCE,73,MANUAL,14.99,74.95,,,0,0
854d1535-dd28-4d70-92f0-5a249ba5085d,2020-12-29T16:10:13Z,ECOMMERCE,71,MANUAL,14.99,194.87,,,0,0
09e1737c-87af-4670-b9c1-cc7e4427af36,2020-12-29T16:09:53Z,ECOMMERCE,64,MANUAL,14.99,209.86,,,0,0
000d059f-7c1c-466d-8e07-513f47b9e4d9,2020-12-29T16:08:43Z,ECOMMERCE,58,MANUAL,14.99,0.0,,,0,0
ff6de208-cfe1-4799-b595-3eef16baf00f,2020-12-29T16:08:23Z,ECOMMERCE,57,MANUAL,14.99,314.79,,,0,0
fd7b1ea5-fad8-4382-ad6a-abfc18de7efc,2020-12-29T16:08:05Z,ECOMMERCE,56,MANUAL,14.99,89.94,,,0,0
dbbee443-42c4-4ecb-a802-468e67a1f5e6,2020-12-29T16:07:47Z,ECOMMERCE,54,MANUAL,14.99,224.85,,,0,0
2dffad1f-d808-478b-b93d-1329d912376e,2020-12-29T16:07:29Z,ECOMMERCE,53,MANUAL,14.99,329.78,,,0,0
9a9b761e-1933-495e-9d20-bfeb792f2fc0,2020-12-29T16:07:11Z,ECOMMERCE,52,MANUAL,14.99,14.99,,,0,0
9f4d6308-e344-4b5e-8f63-cfb4145be8a9,2020-12-29T16:06:52Z,ECOMMERCE,52,MANUAL,14.99,344.77,,,0,0
080b589e-2bd5-4cc8-8b7f-dda822ef90ed,2020-12-29T16:06:34Z,ECOMMERCE,49,MANUAL,14.99,29.98,,,0,0
de0e8629-ad5e-43ca-8a4c-b585f888a63a,2020-12-29T16:06:17Z,ECOMMERCE,47,MANUAL,14.99,104.93,,,0,0
b4651b7d-9d7d-47f9-a120-28ed7dd5becb,2020-12-29T16:05:58Z,ECOMMERCE,46,MANUAL,14.99,239.84,,,0,0
e618eab0-6b8e-4ffd-b6fb-4ca5319604eb,2020-12-29T16:05:38Z,ECOMMERCE,46,MANUAL,14.99,44.97,,,0,0
90686656-cf95-4a5b-ade1-bb6d62f7e217,2020-12-29T16:04:47Z,ECOMMERCE,47,MANUAL,14.99,119.92,,,0,0
bccd47a5-68de-4303-be56-c1e9db7d5c03,2020-12-29T16:04:29Z,ECOMMERCE,45,MANUAL,14.99,59.96,,,0,0
7433bc39-d8e1-4185-98f2-219e9ca8371f,2020-12-29T16:04:11Z,ECOMMERCE,43,MANUAL,14.99,284.81,,,0,0
85347256-1dfe-4f11-bcd8-acbb0a81b98d,2020-12-29T16:03:52Z,ECOMMERCE,41,MANUAL,14.99,299.8,,,0,0
dcd116e1-f2d0-4c9d-b1c4-470859b6a58d,2020-12-29T16:03:27Z,ECOMMERCE,40,MANUAL,14.99,254.83,,,0,0
e6e776d1-0a86-4ee7-9231-47fcb482d759,2020-12-28T16:51:12Z,ECOMMERCE,20,MANUAL,19.99,0.0,CA,06,0,0
0e973405-dfe8-4924-86f3-dedc72d81498,2020-12-23T20:10:38Z,ECOMMERCE,43,MANUAL,18.51,1586.63,,,0,0
a6153ad8-b075-44fc-b713-e264cc95b7df,2020-12-23T20:10:13Z,ECOMMERCE,70,MANUAL,468.31,883.59,,,0,0
42e972ec-3f52-4f06-a904-48bb03fdb401,2020-12-23T19:50:20Z,ECOMMERCE,58,MANUAL,225.74,1362.54,,,0,0
a5bc47ce-67c2-4d18-a53a-a6fe92da9cb2,2020-12-23T19:32:23Z,ECOMMERCE,65,MANUAL,40.19,1605.14,,,0,0
8a6829b9-383d-4674-8685-51d4a52b54da,2020-12-23T13:32:51Z,MOTO,50,CARD_ON_FILE,233.72,2915.3,,,0,0
5162cebd-decc-41a5-8978-f89e3e853727,2020-12-23T12:37:46Z,MOTO,46,MANUAL,1409.09,3846.72,,,0,0
f85e9097-e23d-402b-b3a2-c42301e3b268,2020-12-23T10:34:56Z,MOTO,41,MANUAL,704.54,5245.53,,,0,0
6651300d-60be-4d0c-8c86-16dc7151147a,2020-12-23T10:29:22Z,MOTO,36,MANUAL,704.54,3147.32,,,0,0
bffe6153-cce6-4d8e-a0a1-ff3a37f30f1f,2020-12-22T21:44:03Z,MOTO,63,MANUAL,49.83,6287.26,,,0,0
e3b95b24-16ff-40f9-9cbe-bdd8e12b2fb4,2020-12-16T17:11:37Z,ECOMMERCE,26,MANUAL,70.99,42.73,FL,12,0,0
8d971c97-b514-42f0-b421-23fbee5df7e1,2020-12-13T23:52:54Z,ECOMMERCE,28,CARD_ON_FILE,36.28,711.14,CO,08,0,0
6836f6b0-9557-4147-a46f-6f80fe16b659,2020-12-09T18:39:16Z,ECOMMERCE,94,MANUAL,5445.44,17974.62,,91,0,0
c957a7f0-09b4-4e44-8096-5ce31115e01f,2020-12-09T18:37:44Z,ECOMMERCE,96,MANUAL,5445.44,7083.74,,91,0,0
6911fc20-5cfb-49cb-af0c-108d3c0adfcb,2020-12-09T18:35:52Z,ECOMMERCE,97,MANUAL,5445.44,12529.18,,91,0,0
296fa62a-3214-4fb9-9c9f-86a6f6c8c6a7,2020-12-07T21:47:35Z,ECOMMERCE,99,MANUAL,6403.93,22039.56,,11,0,0
fcd696b2-cb3f-47a5-befb-6239c096733d,2020-12-07T21:36:37Z,ECOMMERCE,93,MANUAL,64.04,28443.49,,11,0,0
bef0a89a-2e96-454d-9be9-1f4dd5383e42,2020-12-07T11:40:54Z,ECOMMERCE,99,MANUAL,1361.36,38184.93,,91,0,0
3eaeb033-59fa-4e5f-9411-5e1ba2576630,2020-12-07T11:39:02Z,ECOMMERCE,99,MANUAL,1361.36,39546.29,,91,0,0
d017b967-83d5-4159-b00d-f42b23838e1c,2020-12-07T11:36:57Z,ECOMMERCE,99,MANUAL,1361.36,42269.01,,91,0,0
865546a1-22b2-4f2b-a5d7-cada17cb61c2,2020-12-07T11:32:21Z,ECOMMERCE,99,MANUAL,1361.36,32739.49,,91,0,0
20e29a52-27a2-444d-846a-698ec0fdd4af,2020-12-07T11:30:36Z,ECOMMERCE,99,MANUAL,1361.36,35462.21,,91,0,0
501f5d3d-8e2e-4aa5-bb8f-38c4fa03eeda,2020-12-07T11:28:42Z,ECOMMERCE,99,MANUAL,1361.36,36823.57,,91,0,0
b25bfa13-8f8e-4a49-8eac-a07457cd7105,2020-12-07T11:27:13Z,ECOMMERCE,99,MANUAL,1361.36,34100.85,,91,0,0
a7d377e1-dd9f-49b4-978b-1085c15d5fb1,2020-12-07T11:25:29Z,ECOMMERCE,99,MANUAL,1361.36,40907.65,,91,0,0
f7d1530a-d10d-4602-b221-0789d59ada70,2020-12-07T11:23:53Z,ECOMMERCE,99,MANUAL,1361.36,31378.13,,91,0,0
86981e36-f844-453d-b7a6-d98c3f85037e,2020-12-07T11:22:13Z,ECOMMERCE,97,MANUAL,272.27,43902.64,,91,0,0
c11938b9-3d46-4947-8be3-0437d8f50271,2020-12-07T11:18:37Z,ECOMMERCE,99,MANUAL,272.27,43630.37,,91,0,0
4d637503-5608-4193-a512-f9dff5c23ced,2020-12-06T19:08:17Z,ECOMMERCE,99,MANUAL,272.27,39039.29,,91,0,0
d9385e75-666c-4e0d-8126-401896814314,2020-11-29T22:56:49Z,ECOMMERCE,80,MANUAL,88.61,42046.55,,12,0,0
d9385e75-666c-4e0d-8126-401896814314,2020-11-29T22:56:49Z,ECOMMERCE,80,MANUAL,88.61,42046.55,,12,0,0
0f88ebd9-eeae-4b35-a20d-4ca1cfa96e11,2020-11-29T20:16:27Z,ECOMMERCE,99,MANUAL,431.74,41632.28,,12,0,0
0f88ebd9-eeae-4b35-a20d-4ca1cfa96e11,2020-11-29T20:16:27Z,ECOMMERCE,99,MANUAL,431.74,41632.28,,12,0,0
71bd8246-fad0-4808-ad41-3612d5b90a55,2020-11-29T20:14:39Z,ECOMMERCE,98,MANUAL,288.64,40337.3,,12,0,0
71bd8246-fad0-4808-ad41-3612d5b90a55,2020-11-29T20:14:39Z,ECOMMERCE,98,MANUAL,288.64,40337.3,,12,0,0
ac24f946-acd6-4f5d-97a5-758635544924,2020-11-29T20:13:25Z,ECOMMERCE,99,MANUAL,256.58,40128.82,,12,0,0
ac24f946-acd6-4f5d-97a5-758635544924,2020-11-29T20:13:25Z,ECOMMERCE,99,MANUAL,256.58,40128.82,,12,0,0
00ba6f4b-b507-434d-b77a-b19b306a6035,2020-11-29T20:12:21Z,ECOMMERCE,99,MANUAL,369.43,41291.1,,12,0,0
00ba6f4b-b507-434d-b77a-b19b306a6035,2020-11-29T20:12:21Z,ECOMMERCE,99,MANUAL,369.43,41291.1,,12,0,0
1eb08a95-70bb-441f-8462-54388f3f79c4,2020-11-29T20:10:37Z,ECOMMERCE,99,MANUAL,436.1,40957.61,,12,0,0
1eb08a95-70bb-441f-8462-54388f3f79c4,2020-11-29T20:10:37Z,ECOMMERCE,99,MANUAL,436.1,40957.61,,12,0,0
9fccd319-db3a-4d7a-bc0a-13b3cf2b2d59,2020-11-29T20:08:58Z,ECOMMERCE,99,MANUAL,254.02,39920.98,,12,0,0
9fccd319-db3a-4d7a-bc0a-13b3cf2b2d59,2020-11-29T20:08:58Z,ECOMMERCE,99,MANUAL,254.02,39920.98,,12,0,0
175abb2b-3761-4d48-ab4a-716d95a8dcf3,2020-11-29T20:07:55Z,ECOMMERCE,99,MANUAL,157.21,38440.57,,12,0,0
4f9194a7-530c-42ba-9e9b-af8f94b306a1,2020-11-29T20:07:55Z,ECOMMERCE,99,MANUAL,190.55,39555.31,,12,0,0
c7e4753b-b156-42da-aab7-8826ecba3e92,2020-11-29T20:06:47Z,ECOMMERCE,99,MANUAL,115.53,38071.03,,12,0,0
c7e4753b-b156-42da-aab7-8826ecba3e92,2020-11-29T20:06:47Z,ECOMMERCE,99,MANUAL,115.53,38071.03,,12,0,0
63458716-f207-4fea-8a90-5f382925f19b,2020-11-29T20:05:27Z,ECOMMERCE,99,MANUAL,208.5,39095.37,,12,0,0
964986b3-adca-46a6-847e-aff562a6214b,2020-11-29T20:04:17Z,ECOMMERCE,99,MANUAL,269.41,39712.5,,12,0,0
964986b3-adca-46a6-847e-aff562a6214b,2020-11-29T20:04:17Z,ECOMMERCE,99,MANUAL,269.41,39712.5,,12,0,0
f92f199e-904c-41d9-87ea-2f9bee3dca11,2020-11-29T20:02:54Z,ECOMMERCE,99,MANUAL,380.97,40337.3,,12,0,0
f7dedf20-4dd3-43a2-9822-309ab775775f,2020-11-29T20:02:54Z,ECOMMERCE,99,MANUAL,324.55,38071.03,,12,0,0
b7b67035-4ce7-4f9b-9a46-53254a6c9eeb,2020-11-29T20:02:54Z,ECOMMERCE,99,MANUAL,447.97,40337.3,,12,0,0
f4f87384-6b65-4380-97d8-e3ee93f739c4,2020-11-29T20:02:54Z,ECOMMERCE,99,MANUAL,346.34,40611.27,,12,0,0
d6de03e2-f5da-4e31-abec-c1aa8b2bd341,2020-11-29T20:02:54Z,ECOMMERCE,99,MANUAL,341.22,39555.31,,12,0,0
b12f9d78-175a-4b2d-9520-e158f508554a,2020-11-29T20:02:54Z,ECOMMERCE,99,MANUAL,371.99,38697.13,,12,0,0
18e04b22-433f-4696-8edd-b268e8c0d219,2020-11-29T20:02:54Z,ECOMMERCE,99,MANUAL,383.53,40128.82,,12,0,0
3349e205-a6dd-4328-a1a8-2518e0ecf353,2020-11-29T20:02:54Z,ECOMMERCE,99,MANUAL,447.0,38440.57,,12,0,0
44db0916-b5a7-48b1-aa54-86940dfb2c8f,2020-11-29T20:02:54Z,ECOMMERCE,99,MANUAL,314.29,40128.82,,12,0,0
bb850bea-4e1e-413b-b7c9-ba80ac51db63,2020-11-29T20:02:54Z,ECOMMERCE,99,MANUAL,414.31,38440.57,,12,0,0
db06497d-96f8-444d-a005-346758de66eb,2020-11-29T20:02:54Z,ECOMMERCE,99,MANUAL,348.91,40337.3,,12,0,0
f0b4716c-1b7d-4eed-b277-f83b5b65633f,2020-11-29T20:02:54Z,ECOMMERCE,99,MANUAL,383.79,39712.5,,12,0,0
fe0ae1a2-b884-422a-b0e8-6639a972934d,2020-11-29T20:02:54Z,ECOMMERCE,99,MANUAL,295.05,38440.57,,12,0,0
4a38fbe5-8d9c-47f1-9894-1d7cc9c88af4,2020-11-29T20:02:54Z,ECOMMERCE,99,MANUAL,395.39,39712.5,,12,0,0
103e6bff-b51e-4fef-bb90-4dd918c349b8,2020-11-29T20:02:54Z,ECOMMERCE,99,MANUAL,448.93,39712.5,,12,0,0
ee3b3988-05ca-4d00-acd7-75fc22b9a79c,2020-11-29T20:02:54Z,ECOMMERCE,99,MANUAL,366.35,40591.3,,12,0,0
009e94ec-c250-43f2-a6b8-654e0f8dd8db,2020-11-29T20:02:54Z,ECOMMERCE,99,MANUAL,317.49,38440.57,,12,0,0
bd107d84-0336-40dd-acfd-e7c3276cdc5c,2020-11-29T20:02:54Z,ECOMMERCE,99,MANUAL,333.52,40128.82,,12,0,0
c5db2b49-576a-4e02-8e02-65b3fb620214,2020-11-29T20:02:54Z,ECOMMERCE,99,MANUAL,383.85,39712.5,,12,0,0
f9f7eeac-43b9-4887-88e4-cee2d24fd3f8,2020-11-29T20:02:54Z,ECOMMERCE,99,MANUAL,398.28,38071.03,,12,0,0
9223af27-9437-4515-9f2e-d495f98ab96d,2020-11-29T20:02:54Z,ECOMMERCE,99,MANUAL,384.81,39712.5,,12,0,0
137b332e-a8f3-423e-818d-3a14a531c0c8,2020-11-29T20:02:54Z,ECOMMERCE,99,MANUAL,405.27,39712.5,,12,0,0
bd3a891d-daba-4f04-b5e6-2d19bb618352,2020-11-29T19:56:42Z,ECOMMERCE,99,MANUAL,269.41,39285.9,,12,0,0
bd3a891d-daba-4f04-b5e6-2d19bb618352,2020-11-29T19:56:42Z,ECOMMERCE,99,MANUAL,269.41,39285.9,,12,0,0
33a7063d-1fe2-4b31-9b29-b2c08099341a,2020-11-29T19:50:06Z,ECOMMERCE,99,MANUAL,513.04,38697.13,,12,0,0
33a7063d-1fe2-4b31-9b29-b2c08099341a,2020-11-29T19:50:06Z,ECOMMERCE,99,MANUAL,513.04,38697.13,,12,0,0
4b4cb520-70e6-4a0f-b20b-35bd54149169,2020-11-29T19:44:09Z,ECOMMERCE,99,MANUAL,254.02,38186.55,,12,0,0
4b4cb520-70e6-4a0f-b20b-35bd54149169,2020-11-29T19:44:09Z,ECOMMERCE,99,MANUAL,254.02,38186.55,,12,0,0
f545e387-4b9d-4f94-98ca-2f5784a7c759,2020-11-29T19:22:28Z,ECOMMERCE,99,MANUAL,207.86,38489.27,,12,0,0
91d23ae0-6fb1-48af-945e-776dec351eca,2020-11-29T19:22:28Z,ECOMMERCE,99,MANUAL,208.5,38440.57,,12,0,0
91d23ae0-6fb1-48af-945e-776dec351eca,2020-11-29T19:22:28Z,ECOMMERCE,99,MANUAL,208.5,38440.57,,12,0,0
f2d877cd-3464-4a43-9ca1-a2279e39dd81,2020-11-09T03:04:10Z,ECOMMERCE,37,MANUAL,230.21,747.44,KY,21,0,0
6fcbdf45-b2e4-4879-ba55-18f1984accec,2020-11-06T18:03:38Z,ECOMMERCE,95,MANUAL,2213.84,41.99,,28,0,0
8ed5b515-a099-40f3-aa7f-74144c17d7ea,2020-11-06T18:00:06Z,ECOMMERCE,94,MANUAL,980.45,4363.49,,28,0,0
d73ba6a6-7719-4841-92bd-f66d59df84c3,2020-11-06T17:55:25Z,ECOMMERCE,86,MANUAL,2107.66,2255.83,,28,0,0
bfe2ae70-ee76-4f12-9613-e2362d23382f,2020-11-04T13:07:24Z,MOTO,22,MANUAL,482.18,80.81,KS,20,0,0
92fc8556-af80-4bbf-aa30-04591f03f79b,2020-11-03T00:44:41Z,OTHER,33,MANUAL,233.52,1288.89,PA,42,0,1
0f6ca28c-7bfa-4277-a6a0-d277a621d3ce,2020-11-02T17:27:21Z,OTHER,23,MANUAL,157.92,772.97,PA,42,1,1
322c4b5c-d067-4f7f-93a2-c066efb92b26,2020-11-02T01:16:52Z,OTHER,22,MANUAL,77.24,102.31,PA,42,1,1
58697cfb-3dfa-4d92-b6ec-970b15f04f8f,2020-11-02T00:38:29Z,OTHER,29,MANUAL,102.31,930.89,PA,42,0,1
b35968bb-fa97-4ffd-b13f-50bb3cdd993c,2020-10-31T01:40:51Z,OTHER,33,MANUAL,55.51,155.97,FL,12,0,1
576963f0-382f-4e1b-b0e7-826664610739,2020-10-29T15:03:55Z,OTHER,31,MANUAL,260.0,25.0,PA,42,0,1
9d7314cb-3e85-4516-ab79-dbc4144caef0,2020-10-22T00:40:16Z,OTHER,12,MANUAL,93.44,78.0,PA,42,1,1
303ab9ed-5914-4dd6-a33f-90a70e2725c0,2020-10-19T23:09:18Z,OTHER,23,MANUAL,14.84,5.0,PA,42,0,1
83b54811-dc20-4bd0-b199-b74812081318,2020-10-19T22:55:31Z,OTHER,23,MANUAL,122.82,19.84,PA,42,0,1
b8596fc0-4935-493e-8826-c9471e082465,2020-10-17T20:45:25Z,ECOMMERCE,28,MANUAL,1274.18,1382.68,TX,48,0,0
4d176546-bda1-4f7a-ae01-34c9c39aaf14,2020-10-17T20:34:11Z,ECOMMERCE,27,MANUAL,3124.69,46418.7,TX,48,0,0
e52ad817-8a53-46f3-97cb-12aaf2cf020a,2020-10-17T20:19:48Z,ECOMMERCE,28,MANUAL,2573.99,15408.97,TX,48,0,0
49db5bc9-467d-4d7a-b980-61ef03be7569,2020-10-17T20:14:03Z,ECOMMERCE,13,MANUAL,2933.99,31199.05,CA,06,0,0
fb73659c-2f4b-409c-a287-8a840dbb8645,2020-10-17T20:06:38Z,ECOMMERCE,29,MANUAL,2957.99,28241.06,CA,06,0,0
ad97763a-10c1-4964-b195-9048c2869589,2020-10-17T19:46:11Z,ECOMMERCE,27,MANUAL,2871.19,12537.78,MN,27,0,0
ecd5c5d5-7dfa-4db9-82f9-b4745fd40d8a,2020-10-17T19:41:35Z,ECOMMERCE,25,MANUAL,2708.08,6619.74,PA,42,0,0
9f29ab5c-08bd-4cb4-9339-33d83825c2ea,2020-10-17T19:40:27Z,ECOMMERCE,30,MANUAL,1394.24,25393.02,IL,17,0,0
8a331820-e725-4b2d-9798-6f7aa65e3502,2020-10-17T19:39:25Z,ECOMMERCE,20,MANUAL,1454.59,22823.18,TX,48,0,0
31986ea1-8ab6-4f88-bc96-7144f7259c43,2020-10-17T19:31:51Z,ECOMMERCE,17,MANUAL,3333.17,40151.54,CA,06,0,0
9174f941-3055-4fb6-8932-e3ad2f67cb17,2020-10-17T19:19:24Z,ECOMMERCE,30,MANUAL,1453.8,26787.26,IL,17,0,0
2561e6fd-8e10-4330-8ae0-fe4e9d2e3c4a,2020-10-17T19:08:50Z,ECOMMERCE,25,MANUAL,2567.99,17982.96,NV,32,0,0
9d321df7-feb9-4f66-8280-e1b59392cf31,2020-10-17T19:07:37Z,ECOMMERCE,30,MANUAL,214.49,9327.82,TX,48,0,0
cf022bdc-390f-400f-b558-31e2c2603b59,2020-10-17T19:03:24Z,ECOMMERCE,27,MANUAL,3090.51,37061.03,LA,22,0,0
ac88af85-aa3a-4e8c-8336-65b142a7f654,2020-10-17T18:55:27Z,ECOMMERCE,21,MANUAL,2995.47,9542.31,VA,51,0,0
9187235f-0dcf-4b46-81d3-03fbd78fd231,2020-10-17T18:52:31Z,ECOMMERCE,28,MANUAL,3002.99,24277.77,IL,17,0,0
bb8c184b-e778-45a3-904c-64248fa5bdec,2020-10-17T18:50:09Z,ECOMMERCE,13,MANUAL,2272.23,20550.95,AL,01,0,0
667b2847-e314-40fc-8d3d-ad894d2df60a,2020-10-17T18:48:24Z,ECOMMERCE,21,MANUAL,1115.25,24277.77,OR,41,0,0
c8a93740-3dee-45d7-b4fd-af22e4d525cc,2020-10-17T18:20:24Z,ECOMMERCE,23,MANUAL,2933.99,43484.71,CA,06,0,0
9c5d43f4-bbcc-4a48-8b36-676dcfe721bb,2020-10-17T18:19:08Z,ECOMMERCE,21,MANUAL,2927.99,34133.04,CA,06,0,0
66ac9f3c-3a00-403b-a61a-0dc73f109ee7,2020-10-15T19:36:24Z,OTHER,24,MANUAL,290.0,206.0,PA,42,0,1
d7431e63-dd55-4b91-a889-cde27713cbed,2020-10-15T18:42:48Z,OTHER,17,MANUAL,160.0,496.0,PA,42,0,1
ffca5db5-73ae-4a76-a7b9-ba702c3d6435,2020-10-15T16:42:46Z,ECOMMERCE,12,MANUAL,206.0,0.0,DC,11,0,0
0081aef0-969a-403d-ac21-26ab94cbe237,2020-10-15T16:04:36Z,OTHER,5,MANUAL,155.0,656.0,PA,42,1,1
b9c57912-cc1f-40aa-a930-c9688628e861,2020-10-14T20:14:25Z,ECOMMERCE,19,CARD_ON_FILE,225.38,735.74,,,0,0
b9d0a961-7408-4fef-b491-fa0ffd5f3cb7,2020-10-09T17:42:00Z,OTHER,18,MANUAL,112.06,158.87,PA,42,1,1
78e5f585-25ba-4999-8bed-e4045e029e48,2020-10-08T00:44:30Z,OTHER,33,MANUAL,125.3,265.0,PA,42,0,1
6b0c801f-56b1-4aae-8070-0f35febee3ec,2020-10-06T22:17:18Z,OTHER,21,MANUAL,190.96,15.0,PA,42,1,1
a60cdee1-ae6a-42a7-8b33-74303153c9c2,2020-10-06T00:37:51Z,OTHER,19,MANUAL,219.6,10.0,PA,42,1,1
6632a919-6724-48da-bb64-fef0ab44a8c3,2020-10-05T23:19:11Z,ECOMMERCE,6,MANUAL,563.63,13466.13,UT,49,0,0
6eff1a7a-627a-4c42-90c5-99dedbf2711f,2020-10-04T18:58:43Z,OTHER,93,CHIP_FALLBACK,12.33,1079.03,NJ,34,1,1
e60b3bf0-5649-47be-92b8-8681251cd993,2020-10-04T18:47:20Z,OTHER,72,CHIP_FALLBACK,880.36,198.67,NJ,34,1,1
e21dd2e1-2158-467c-86c1-62885ac31dbb,2020-10-03T17:42:02Z,MOTO,32,MANUAL,2050.0,0.0,TX,48,0,0
ad6e4f83-528b-4078-8984-05a441a1cf1c,2020-10-01T17:49:42Z,OTHER,11,MANUAL,56.16,9.99,PA,42,1,1
4625a6d0-6e14-4f0c-89c3-7591d62bb6c3,2020-10-01T15:30:04Z,ECOMMERCE,8,MANUAL,788.2,192.02,CA,06,0,0
066bb749-ac31-4c40-b160-98dee4d42c41,2020-09-30T22:01:06Z,OTHER,9,MANUAL,67.56,66.15,PA,42,1,1
4f591751-2f4f-4223-8f8e-2cf79821d9ee,2020-09-29T21:55:46Z,ECOMMERCE,18,MANUAL,1358.74,6423.6,WA,53,0,0
434c6900-4594-42d2-bc0a-ce16abbd0e51,2020-09-29T21:46:09Z,ECOMMERCE,12,MANUAL,1358.74,7782.34,WA,53,0,0
84a33140-1c41-49eb-9a94-c1167f01852d,2020-09-29T21:40:28Z,ECOMMERCE,22,MANUAL,1358.74,9141.08,WA,53,0,0
80e857be-c8b9-4647-a44e-b04631ef7a47,2020-09-29T21:25:52Z,ECOMMERCE,25,MANUAL,1358.74,10499.82,WA,53,0,0
31ac421c-c57e-44fe-b4d1-8a3b09573fd9,2020-09-29T20:55:30Z,ECOMMERCE,25,MANUAL,1513.44,3587.42,OH,39,0,0
80734c70-4d26-4bfe-8345-daa75695e97c,2020-09-29T20:37:00Z,ECOMMERCE,22,MANUAL,1322.74,5100.86,OH,39,0,0
672b518a-e4cd-4181-8c4d-cd4aae69badb,2020-09-29T17:23:14Z,ECOMMERCE,27,MANUAL,3374.99,6205.19,NY,36,0,0
962a8152-f245-4187-9e76-73ec1b0685f4,2020-09-29T17:04:23Z,ECOMMERCE,25,MANUAL,1589.99,139.0,OH,39,0,0
dfc035ad-6e0e-49e4-a493-6c7a082a6d9d,2020-09-29T15:55:22Z,ECOMMERCE,16,MANUAL,2979.99,1728.99,OH,39,0,0
7b8346a4-57f5-4c48-b400-606b582ac694,2020-09-29T15:54:32Z,ECOMMERCE,20,MANUAL,1496.21,4708.98,OH,39,0,0
e16993b3-1a82-4ec6-a5d2-4019db2f989e,2020-09-26T21:16:52Z,OTHER,29,MANUAL,217.26,146.91,PA,42,0,1
c8755df4-823a-4f13-b9ad-8dd2047b3e35,2020-09-26T20:36:08Z,OTHER,32,CHIP_FALLBACK,99.43,7.0,PA,42,1,1
36cc4123-45f3-48c2-be2f-0ca7643cfce2,2020-09-23T01:27:03Z,OTHER,14,MANUAL,204.68,244.19,PA,42,1,1
10f1fa57-2b30-4948-b6ee-cc746ed94a6a,2020-09-20T23:33:36Z,OTHER,18,MANUAL,74.26,4.19,PA,42,1,1
c7114228-29eb-44dd-8be1-681ad0819873,2020-09-19T16:19:05Z,ECOMMERCE,11,MANUAL,98.98,8258.42,IL,17,0,0
e3496f5d-2551-4459-a105-b011dc3836c6,2020-09-18T13:04:06Z,ECOMMERCE,61,MANUAL,2004.8,1225.88,,,0,0
137c216e-2bdf-47c1-8fcc-573a9ee1f8b2,2020-09-18T12:44:54Z,ECOMMERCE,49,MANUAL,1960.0,3230.68,,,0,0
95e7938a-a37e-42de-bf60-e1167a1a20c6,2020-09-05T10:07:04Z,MOTO,23,CARD_ON_FILE,29.97,0.0,CA,06,0,0
b71ba97a-c35c-4d04-8572-e598f914f3a7,2020-08-28T21:42:05Z,ECOMMERCE,13,MANUAL,47.98,53.74,CA,06,0,0
0cb70f70-f89a-4e58-8ac6-e7f47aabe4df,2020-08-28T19:19:41Z,ECOMMERCE,16,MANUAL,801.43,0.0,CA,06,0,0
f127afec-f8c8-4254-8afb-020b1a194f06,2020-08-24T15:32:35Z,ECOMMERCE,25,MANUAL,944.07,1842.72,OH,39,0,0
0fabe0f5-6676-41f5-8d39-659262c25c94,2020-08-24T15:28:51Z,ECOMMERCE,23,MANUAL,981.12,5384.37,FL,12,0,0
b998d208-8c8b-4047-b187-16cee2807d91,2020-08-24T15:09:44Z,ECOMMERCE,13,MANUAL,2597.58,2786.79,FL,12,0,0
01514416-48b6-49b7-8be3-9a14b8cad2d5,2020-08-07T01:41:25Z,OTHER,24,MANUAL,91.98,0.0,CA,06,1,1
4a29f9cc-ed14-44bd-8d3d-c23fa90024e2,2020-08-06T21:15:21Z,OTHER,16,MANUAL,76.04,91.98,PA,42,1,1
22243a22-3aab-4a1a-97b9-cb3ad702fc49,2020-08-04T22:04:39Z,OTHER,32,MANUAL,209.88,270.72,PA,42,0,1
539d5c09-432a-4ae6-ab62-01c90c921f80,2020-08-04T20:34:51Z,ECOMMERCE,23,MANUAL,315.69,3361.45,TX,48,0,0
3334ee5f-f3d7-42ff-bb11-a3b036509d9e,2020-08-04T19:01:15Z,ECOMMERCE,16,MANUAL,85.0,7464.53,FL,12,0,0
8aea0a83-e398-41f4-9b72-093b07420266,2020-08-04T13:02:20Z,ECOMMERCE,17,UNKNOWN,1498.86,5965.67,TX,48,0,0
703b8411-a188-4e23-8301-ee7bcf3f3984,2020-08-03T08:38:29Z,ECOMMERCE,15,MANUAL,26.99,0.0,CA,06,0,0
133831d3-b781-480a-8253-4ff6f78639e2,2020-07-31T01:37:22Z,OTHER,16,MANUAL,78.94,275.83,PA,42,1,1
16e82ec3-31ba-4436-9faf-5d6c9c48250e,2020-07-28T01:49:38Z,OTHER,15,MANUAL,160.58,438.16,PA,42,1,1
840a7df8-8920-4475-accb-7343e77ee08f,2020-07-27T21:40:32Z,OTHER,32,MANUAL,366.48,107.58,PA,42,0,1
eab5c2f0-3007-488f-98a9-36fc640de11d,2020-07-26T22:33:10Z,OTHER,40,MANUAL,93.14,471.16,PA,42,0,1
282262a4-5060-46ef-a19b-3fbd8c38c875,2020-07-26T22:06:31Z,OTHER,31,MANUAL,244.72,544.3,PA,42,0,1
7bb651a9-ae19-4319-a404-656361779892,2020-07-26T01:09:51Z,OTHER,29,MANUAL,115.0,317.86,GA,13,1,1
59926e21-514f-4324-870f-d60f74e2b78b,2020-07-24T22:00:02Z,OTHER,31,MANUAL,275.68,165.0,PA,42,1,1
3495bf14-514e-450c-9183-06251f159992,2020-07-24T21:22:59Z,OTHER,21,MANUAL,75.88,365.88,PA,42,1,1
5b71af9b-5c10-47b9-a276-6c011af1b032,2020-07-24T16:47:20Z,OTHER,1,MANUAL,1050.0,724.15,OR,41,0,0
0ff2b819-53e1-48aa-98a3-d31b7338dd04,2020-07-20T00:32:58Z,OTHER,33,MANUAL,179.84,121.96,PA,42,1,1
c18e3b85-a6d3-48d3-95ba-046b7b6677d9,2020-07-18T19:43:05Z,OTHER,98,CHIP_FALLBACK,12.57,908.06,MA,25,1,1
5e3dd0b1-006c-4672-9b2b-40fa1df24035,2020-07-18T19:40:54Z,OTHER,99,CHIP_FALLBACK,205.95,920.63,MA,25,1,1
2c253ea8-ef6b-422d-a5c6-98bee63477db,2020-07-18T19:09:14Z,OTHER,99,CHIP_FALLBACK,205.97,702.09,MA,25,1,1
5314b41c-b528-4a75-898e-b3c9e09a71ad,2020-07-18T19:05:49Z,OTHER,97,CHIP_FALLBACK,492.17,1126.58,MA,25,1,1
1522025d-04f9-4f0a-8ddd-15e5235a08e5,2020-07-18T18:53:49Z,OTHER,98,CHIP_FALLBACK,537.91,0.0,MA,25,1,1
73a4c3f2-3ffa-43eb-b43f-ad9a1ab619b0,2020-07-18T18:36:28Z,OTHER,98,CHIP_FALLBACK,77.53,9762.25,MA,25,1,1
10c9adb0-d452-49f4-b2a7-61fe2b2a987d,2020-07-18T18:07:58Z,OTHER,95,CHIP_FALLBACK,201.5,9560.75,MA,25,1,1
7162cc5f-3377-4b3e-9955-84624e49d7e1,2020-07-18T17:50:32Z,OTHER,95,CHIP_FALLBACK,339.38,9221.37,MA,25,1,1
cdbc4fbf-051d-4e51-ac89-61cb80118cca,2020-07-18T17:36:15Z,OTHER,97,CHIP_FALLBACK,140.4,537.91,MA,25,1,1
e28c9e81-9c95-4d38-ad77-c0d2153a21de,2020-07-18T17:25:52Z,OTHER,96,MAGSTRIPE,27.63,1618.75,MA,25,1,1
093cffaa-4746-4abc-9931-f87dfb2f153f,2020-07-18T17:18:38Z,OTHER,98,CHIP_FALLBACK,3696.86,5524.51,MA,25,1,1
552f0d22-a27c-4497-83db-7fd10d353113,2020-07-18T17:15:29Z,OTHER,98,CHIP_FALLBACK,2018.75,1646.38,MA,25,1,1
ce952241-79cb-425f-999e-1940cea5e88e,2020-07-18T17:05:08Z,OTHER,88,CHIP_FALLBACK,1859.38,3665.13,MA,25,1,1
d37b7e7b-910b-49fa-9731-431c1162cc9a,2020-07-12T03:13:51Z,ECOMMERCE,14,MANUAL,154.41,7225.71,GA,13,0,0
5a092c59-7007-4b22-acc9-243726923cf5,2020-07-11T22:09:38Z,OTHER,91,CHIP_FALLBACK,10.09,235.32,FL,12,1,1
4887441e-2f66-4775-86ea-4ce008ef19cb,2020-07-11T21:54:55Z,OTHER,61,CHIP_FALLBACK,29.81,131.34,FL,12,1,1
d920d155-0ac7-4aa6-b99e-8316bd2a958e,2020-07-11T21:27:13Z,OTHER,91,CHIP_FALLBACK,22.47,108.87,FL,12,1,1
206e5df0-e898-4648-90c1-e43bf255492a,2020-07-11T01:50:58Z,OTHER,30,MANUAL,86.96,5.0,PA,42,1,1
6e5ebd0d-9534-41bd-bd8d-cb9752b278eb,2020-07-11T00:55:40Z,OTHER,34,MANUAL,121.04,205.88,PA,42,1,1
17242662-a6ea-4aad-9a6a-5f7318c1bcdb,2020-07-10T23:55:14Z,OTHER,22,MANUAL,80.0,428.08,PA,42,1,1
856720c6-060c-4f15-a02a-01a7fc6db3b6,2020-07-10T21:16:26Z,OTHER,28,MANUAL,153.92,71.96,PA,42,1,1
e27853b9-f08a-487f-88ad-3bf36e2fa131,2020-07-10T20:10:03Z,OTHER,31,MANUAL,194.82,501.52,PA,42,1,1
620810d8-462f-4f4e-9055-53818b2ef436,2020-07-10T19:22:59Z,OTHER,27,MANUAL,101.16,326.92,PA,42,1,1
310f1323-6f14-4cef-88e2-974fba52dbf8,2020-07-10T19:17:29Z,OTHER,11,MANUAL,31.32,696.34,PA,42,1,1
af49f979-8f50-4b7c-ad44-ab6c81cb0476,2020-07-10T14:38:47Z,ECOMMERCE,18,MANUAL,188.67,4670.53,WA,53,0,0
1d1cf6ed-2840-4cb7-8f30-39351d0e9e40,2020-07-03T09:01:40Z,ECOMMERCE,22,MANUAL,97.0,0.0,FL,12,0,0
37dd864f-1cf4-4ce4-85ac-bfa0b81bb411,2020-07-02T16:58:02Z,OTHER,75,CHIP_FALLBACK,32.38,1984.11,PA,42,1,1
4b32181d-39cc-4689-8ba8-8ade976d1acc,2020-07-02T16:43:49Z,OTHER,59,CHIP_FALLBACK,149.99,1266.52,PA,42,1,1
acb81458-62b9-412b-ad75-1b335a0b0967,2020-07-02T16:32:11Z,OTHER,40,CHIP_FALLBACK,149.99,1416.51,PA,42,1,1
0ee142f4-aa06-4741-8f72-986f81f88e76,2020-07-02T00:25:44Z,OTHER,97,CHIP_FALLBACK,206.0,10665.27,PA,42,1,1
85aa428a-e0e0-4f4c-ac7c-e2fd4cfa80fc,2020-07-02T00:25:11Z,OTHER,92,CHIP_FALLBACK,16.99,11077.27,PA,42,1,1
1fcd6ad7-b6d4-4534-946d-8d68f33b620d,2020-07-01T23:56:21Z,OTHER,95,CHIP_FALLBACK,845.88,3299.18,PA,42,1,1
2e92001e-6369-4cb2-b3ef-4fda06ef90b3,2020-07-01T23:50:33Z,OTHER,95,CHIP_FALLBACK,932.78,4145.06,PA,42,1,1
0b754d51-a205-49fa-8c2e-04578d460c54,2020-07-01T23:38:41Z,OTHER,95,CHIP_FALLBACK,628.78,2670.4,PA,42,1,1
6ea4f95f-bb3b-46d1-8336-50dc2de19d47,2020-07-01T23:13:13Z,OTHER,98,CHIP_FALLBACK,168.0,8733.84,PA,42,1,1
f31ce752-cff3-4dd5-a179-133c4bae5dcd,2020-07-01T23:06:04Z,OTHER,94,CHIP_FALLBACK,1440.0,5077.84,PA,42,1,1
80d481ed-e817-4350-a26a-12a7bd44a738,2020-07-01T22:53:55Z,OTHER,92,CHIP_FALLBACK,1102.29,8901.84,PA,42,1,1
18e00633-e15f-4aed-8018-2aafb34c917c,2020-07-01T22:43:35Z,OTHER,93,CHIP_FALLBACK,1566.0,6517.84,PA,42,1,1
e911d033-fa58-4d2e-955b-923491d87667,2020-07-01T22:25:39Z,OTHER,95,CHIP_FALLBACK,600.0,10004.13,PA,42,1,1
148bb743-d032-46f5-9e67-e595497c8dc9,2020-07-01T22:21:27Z,OTHER,91,CHIP_FALLBACK,650.0,8083.84,PA,42,1,1
5f3d0cff-bcc9-4f28-910f-847003d9ab09,2020-07-01T21:11:13Z,OTHER,67,CHIP_FALLBACK,239.0,957.28,PA,42,1,1
a416a807-2402-4708-a77e-76e947500633,2020-06-28T14:06:42Z,ECOMMERCE,13,MANUAL,20.75,3252.8,CA,06,0,0
b6958796-66c0-4bd5-8714-31359d275624,2020-06-28T14:06:30Z,ECOMMERCE,24,MANUAL,304.48,3273.55,CA,06,0,0
996e34dd-0edc-4baf-b7ad-26699a85682d,2020-06-27T14:04:31Z,ECOMMERCE,14,MANUAL,20.75,2959.96,CA,06,0,0
28b91789-9b47-4b41-a533-d5ec230af9f5,2020-06-27T14:03:55Z,ECOMMERCE,22,MANUAL,224.91,2980.71,CA,06,0,0
c54f559d-e88b-4caa-9922-c2f20a386af9,2020-06-19T18:24:12Z,ECOMMERCE,34,MANUAL,396.0,2082.96,UT,49,0,0
65c66fec-6209-4cbb-bdea-4e6989b5c0a9,2020-06-06T21:20:18Z,ECOMMERCE,28,MANUAL,134.76,715.04,FL,12,0,0
4b94d940-5ba5-45b5-a9e0-f8cf894f471a,2020-06-06T21:17:14Z,ECOMMERCE,31,MANUAL,67.38,647.66,AL,01,0,0
f52ffa5b-edd4-4273-8a9c-9a72f2894734,2020-06-06T21:05:18Z,ECOMMERCE,27,MANUAL,134.76,849.8,FL,12,0,0
d69bdcc0-3dd1-4332-85ae-12c2dcfa08c2,2020-06-06T21:00:55Z,ECOMMERCE,23,MANUAL,134.76,984.56,FL,12,0,0
14ff160c-8724-448e-9be1-72af200868e0,2020-06-05T20:21:46Z,ECOMMERCE,16,UNKNOWN,2055.21,1104.52,CA,06,0,0
a368d5d9-25a2-4f91-a667-aaa9396c3860,2020-06-04T01:28:35Z,ECOMMERCE,31,MANUAL,1508.49,2567.87,FL,12,0,0
87eed0ef-aedf-4e7f-ad2d-5947cd21eeb6,2020-05-27T22:23:16Z,ECOMMERCE,21,MANUAL,49.9,426.71,WA,53,0,0
cfeabf11-6ae3-4836-a296-b88ec55a0441,2020-05-25T02:29:36Z,OTHER,32,MANUAL,60.0,296.24,KS,20,0,0
498ed4b7-c3c4-4eb4-ba52-a8b4fac537be,2020-05-24T18:04:12Z,ECOMMERCE,27,MANUAL,31.38,264.86,TX,48,0,0
16e7e963-5748-4d03-ac35-1da5a683e8f5,2020-05-22T23:30:32Z,ECOMMERCE,57,MANUAL,27.3,14.7,,,0,0
3a2d9ba4-b864-4ab6-be2b-244f81cc3fcc,2020-05-21T18:54:50Z,OTHER,99,CHIP_FALLBACK,200.0,1863.42,GA,13,1,1
d986c02c-8544-4a15-a163-34d9a5c49486,2020-05-21T18:54:15Z,OTHER,99,CHIP_FALLBACK,200.0,1663.42,GA,13,1,1
08a18f14-3567-463e-8184-e10734dc383b,2020-05-21T18:53:39Z,OTHER,99,CHIP_FALLBACK,200.0,1463.42,GA,13,1,1
ac4181cd-531b-4735-9b6f-48c92134ee74,2020-05-21T18:52:59Z,OTHER,99,CHIP_FALLBACK,218.09,1245.33,GA,13,1,1
8b2036ec-08e5-4373-968d-d44a0b8097b4,2020-05-21T18:47:19Z,OTHER,99,CHIP_FALLBACK,8.27,3068.55,GA,13,1,1
e8ba3af2-e2b8-494d-a998-97ae789205ae,2020-05-21T18:45:07Z,OTHER,99,CHIP_FALLBACK,1005.13,2063.42,GA,13,1,1
0d49aa73-7887-47b8-aa20-7cd5a3fe7483,2020-05-21T18:28:10Z,OTHER,99,CHIP_FALLBACK,1000.0,216.17,GA,13,1,1
3c2e0173-11bc-461a-ab68-39342922bbcc,2020-05-21T18:27:15Z,OTHER,99,CHIP_FALLBACK,201.12,15.05,GA,13,1,1
f1999265-6d00-4884-a36e-8ff7a690221e,2020-05-21T18:24:50Z,OTHER,90,CHIP_FALLBACK,29.16,1216.17,GA,13,1,1
8dd2c008-ba34-4ac7-a8af-d4dd0808ccc9,2020-05-21T17:46:32Z,OTHER,81,CHIP_FALLBACK,13.05,2.0,GA,13,1,1
c94953ac-466d-47c2-9554-9c3d76e160ad,2020-05-19T17:11:04Z,ECOMMERCE,59,MANUAL,1755.54,19803.21,,,0,0
804dd7a5-42ee-4fee-a719-2cb9d43b0d32,2020-05-19T16:12:18Z,ECOMMERCE,49,MANUAL,3292.6,21550.76,,,0,0
50bfba0c-5c78-4617-a8f2-88093fb94c45,2020-05-19T14:17:17Z,ECOMMERCE,53,MANUAL,460.48,19344.83,,,0,0
63b406b7-69bd-49c5-8eb9-d15e91ffb8d2,2020-05-19T12:54:20Z,ECOMMERCE,71,MANUAL,50.26,0.0,,,0,0
13dbcaed-e649-4822-9505-c15f0bbadf42,2020-05-18T21:24:22Z,ECOMMERCE,63,MANUAL,1232.11,122.86,,,0,0
7f491c4f-6c8c-4b45-898c-68d74900de0a,2020-05-18T20:50:50Z,ECOMMERCE,54,MANUAL,1232.11,1338.4,,,0,0
4f06483a-2133-4e38-8db6-3c4463bc7401,2020-05-18T20:33:58Z,ECOMMERCE,54,MANUAL,1448.13,2667.16,,,0,0
34eb0df8-6345-4116-9176-9d8c4e47d8e6,2020-05-18T01:58:22Z,ECOMMERCE,25,UNKNOWN,152.09,57.53,LA,22,0,0
48da40ec-4e9d-4ff5-94bb-c27c582d3cfd,2020-05-17T04:33:15Z,OTHER,62,MANUAL,126.95,641.11,TX,48,0,0
c21f987e-a2f9-4deb-bb65-d14338457d8b,2020-05-17T04:15:36Z,ECOMMERCE,12,MANUAL,23.8,377.42,TX,48,0,0
aa9782dc-57d7-40f6-a81f-68882c51cea3,2020-05-14T22:46:40Z,ECOMMERCE,23,MANUAL,115.05,776.17,CA,06,0,0
dea94acc-75eb-41bd-bfd3-0cbd7bebc280,2020-05-05T09:35:46Z,ECOMMERCE,2,MANUAL,14.13,273.18,WA,53,0,0
7aa17b38-0747-48f4-8b42-54dfdff9a254,2020-05-05T01:29:16Z,OTHER,83,CHIP_FALLBACK,20.21,2777.36,FL,12,1,1
30814ab2-790e-40e2-b6f5-ad6925fa0066,2020-05-05T01:28:04Z,ECOMMERCE,21,UNKNOWN,1.48,287.31,,,0,0
29398694-b338-4943-8fef-763639e06e4e,2020-05-04T23:27:45Z,OTHER,99,CHIP_FALLBACK,204.95,1855.85,FL,12,1,1
59f18ed2-bac5-4fd4-9d14-3bbbcf16145b,2020-05-04T22:43:01Z,OTHER,98,CHIP_FALLBACK,200.0,5006.29,FL,12,1,1
27acddeb-64b4-4b46-9bd2-5da6690a1657,2020-05-04T22:42:21Z,OTHER,98,CHIP_FALLBACK,150.0,5206.29,FL,12,1,1
8c8d70cd-afce-4b64-a537-06ce0b230146,2020-05-04T22:41:40Z,OTHER,99,CHIP_FALLBACK,150.0,2797.57,FL,12,1,1
59a6e6e6-bd91-4af7-8aa1-c7da62c85c6a,2020-05-04T22:39:02Z,OTHER,99,CHIP_FALLBACK,1000.0,2947.57,FL,12,1,1
2da55830-b418-4cf4-95ee-7362ffda6ee7,2020-05-04T22:38:23Z,OTHER,99,CHIP_FALLBACK,1007.72,3947.57,FL,12,1,1
4be80cb7-742a-4c55-85b5-7c0d3caffc29,2020-05-04T22:37:20Z,OTHER,95,CHIP_FALLBACK,51.0,4955.29,FL,12,1,1
8a4ffcb4-ddc6-49ce-856a-f986002bbb7c,2020-05-04T20:53:53Z,OTHER,98,CHIP_FALLBACK,1604.43,288.79,FL,12,1,1
2c22d07a-dcaf-42b8-96b2-1f6adbb6b120,2020-05-04T20:32:33Z,OTHER,99,CHIP_FALLBACK,186.38,2218.23,FL,12,1,1
6d8ef983-5af4-41b3-95e1-86f3e46d4eba,2020-05-04T20:26:26Z,OTHER,99,CHIP_FALLBACK,372.75,2404.61,FL,12,1,1
f74c48cc-700f-4a70-bcc1-adb1cf17cb94,2020-05-04T20:13:43Z,OTHER,89,CHIP_FALLBACK,90.53,5356.29,FL,12,1,1
700cc80b-3cc6-44f7-8a6c-4a891ace867f,2020-04-28T04:50:13Z,ECOMMERCE,34,MANUAL,108.24,0.0,WA,53,0,0
34988b83-7cbb-47ca-8917-211445e9ea96,2020-04-27T20:17:27Z,ECOMMERCE,1,MANUAL,10.66,866.89,WA,53,0,0
c72541f8-75fb-409a-ab49-bcdeedcac727,2020-04-25T11:11:37Z,ECOMMERCE,35,MANUAL,53.61,0.0,CA,06,0,0
0fcb6275-bc99-434b-987a-8b25b01e69c5,2020-04-21T15:35:13Z,ECOMMERCE,15,UNKNOWN,115.53,689.81,IL,17,0,0
68dea3b1-d207-42e2-a28a-07f27676d8a8,2020-04-21T07:21:11Z,ECOMMERCE,2,MANUAL,21.39,2167.4,WA,53,0,0
686da3f5-a2f8-41e9-b36d-76e67276aed4,2020-04-21T07:21:09Z,ECOMMERCE,2,MANUAL,19.99,2188.79,WA,53,0,0
cf2b873a-950b-4e52-a5f8-7ba50d060a8f,2020-04-21T07:21:09Z,ECOMMERCE,2,MANUAL,21.49,2208.78,WA,53,0,0
3953a7d3-0161-43b8-9fdc-94031dddcc22,2020-04-21T07:21:08Z,ECOMMERCE,2,MANUAL,21.19,2230.27,WA,53,0,0
c0996858-0c03-49c8-95eb-03c212c663fe,2020-04-19T16:30:01Z,ECOMMERCE,1,MANUAL,42.99,1809.06,WA,53,0,0
4c81cf2f-1fba-4ba1-99b2-c8b303bab691,2020-04-19T07:15:53Z,ECOMMERCE,1,MANUAL,13.85,920.60,WA,53,0,0
9c3888fc-a479-4ee9-9508-9784e2f44ed6,2020-04-16T17:14:23Z,ECOMMERCE,24,UNKNOWN,104.83,1222.39,IL,17,0,0
a0c6cb5f-dbc3-4ef6-ad8a-b9f7a32f210c,2020-04-07T22:54:59Z,ECOMMERCE,19,MANUAL,354.0,350.00,MS,28,0,0
9f0bc547-f14c-4d3e-92e4-b71770012add,2020-04-06T20:07:31Z,ECOMMERCE,3,MANUAL,15.99,50.00,IL,17,0,0
ba7c04e5-6ff3-4ce4-8d24-ca5f92792fb4,2020-03-23T15:45:16Z,ECOMMERCE,51,MANUAL,13.0,59.57,,92,0,0
d973586b-1967-47ab-a260-39c9f302f4d9,2020-03-22T19:55:01Z,OTHER,99,MAGSTRIPE,38.99,385.36,,,1,1
47eaa893-1e78-4da1-8e62-1e06b2dbb568,2020-03-22T11:26:43Z,OTHER,99,MAGSTRIPE,37.5,2119.40,,,1,1
c6ff63b9-d3c0-42e8-aaa9-a0953966e067,2020-03-22T11:21:08Z,OTHER,99,MAGSTRIPE,35.98,2156.90,,,1,1
dd42698b-105a-4e39-a196-842d94a33a88,2020-03-21T02:37:42Z,ECOMMERCE,24,MANUAL,412.38,2776.17,CA,06,0,0
c99e8cba-c63f-417d-8c53-737a59e93621,2020-03-21T01:08:06Z,ECOMMERCE,11,MANUAL,61.42,1960.19,CA,06,0,0
b3d8df16-a3ac-442b-a1c0-f56fe8ce43e4,2020-03-20T11:03:03Z,OTHER,99,MAGSTRIPE,427.76,454.05,,,1,1
3db354de-624a-4ac7-9661-3c6f26807ef7,2020-03-09T14:55:45Z,ECOMMERCE,35,UNKNOWN,109.97,2644.71,CA,06,0,0
602f4472-b9a3-40b8-b3e4-313094561721,2020-03-09T02:14:06Z,ECOMMERCE,10,MANUAL,8.0,2858.98,CA,06,0,0
5ba10e08-8785-4926-8299-dc5f0026b7ec,2020-03-09T01:46:01Z,OTHER,92,MANUAL,117.01,2866.98,LA,22,0,1
05ea1320-6b74-4bc0-9b3c-5c50678e20af,2020-03-08T23:26:09Z,OTHER,32,MANUAL,1216.25,167.40,LA,22,1,1
0902b773-1472-445b-a858-acf67a2dd691,2020-03-08T00:42:45Z,ECOMMERCE,12,MANUAL,34.5,1460.17,IL,17,0,0
ff34fb03-b502-4fbf-a8ce-0fa726f47bc0,2020-03-07T20:10:28Z,OTHER,30,MANUAL,274.26,1383.65,LA,22,1,1
48b756b0-a125-4529-81ab-1c97ee884057,2020-03-07T09:18:12Z,ECOMMERCE,19,MANUAL,7.91,1452.26,CA,06,0,0
79660616-9109-489b-9d19-6ea2d1407c36,2020-03-07T04:02:16Z,ECOMMERCE,31,MANUAL,32.73,1494.67,FL,12,0,0
d49c9718-3085-4244-8cc6-a3eed9938069,2020-03-06T21:33:00Z,OTHER,30,MANUAL,119.0,1657.91,LA,22,1,1
a843efb5-531d-4743-b419-94062527dee8,2020-03-06T19:40:31Z,OTHER,84,MANUAL,613.76,4568.98,LA,22,0,1
c77ce94b-2f85-487a-b185-4bbb6abe908d,2020-03-06T19:12:34Z,OTHER,80,MANUAL,404.94,3744.62,LA,22,0,1
f80d3b14-ef95-4003-8074-e292070e5537,2020-03-06T19:10:40Z,OTHER,88,MANUAL,419.42,4149.56,LA,22,0,1
041b71aa-256b-4e41-b028-308be52353a4,2020-03-06T17:53:48Z,OTHER,65,MANUAL,70.0,3642.64,MS,28,0,1
29af21d8-5314-4825-9a83-5c2836ff0224,2020-03-06T07:57:45Z,OTHER,74,MANUAL,302.03,5182.74,MS,28,1,1
5539ae0c-7e8c-49bd-b4ac-93ed9a094deb,2020-03-05T09:38:29Z,OTHER,97,MANUAL,273.88,4245.26,MS,28,0,1
5921d1bd-3aeb-4cbf-b1e6-0f9d02b12856,2020-03-05T08:12:46Z,OTHER,25,MANUAL,701.03,8582.78,LA,22,1,1
47c91fba-691c-4d8a-9a73-3ff5e2c06de6,2020-03-05T04:05:35Z,OTHER,76,MANUAL,13.67,4340.84,MS,28,0,1
4aecfa27-f161-4fbd-88bc-1fae0791b3f2,2020-03-05T00:44:41Z,OTHER,81,MANUAL,36.72,4354.51,MS,28,0,1
f8d1a93d-a080-44c4-a4a4-6f1ef869aa08,2020-03-03T10:06:34Z,OTHER,99,MAGSTRIPE,129.82,293.79,,,1,1
9db6f6f6-a8c1-4586-82fb-2a68c1390fa5,2020-03-03T10:05:28Z,OTHER,99,MAGSTRIPE,259.64,34.47,,,1,1
fc70d5ec-8f27-4a1a-8d4e-1a939e9216c4,2020-03-02T21:23:15Z,OTHER,17,MANUAL,802.95,1326.03,WA,53,0,0
9d432709-e61e-4c34-af46-3c676884d071,2020-02-26T16:45:10Z,OTHER,99,CHIP_FALLBACK,106.0,498.78,FL,12,1,1
9bba3ffa-ecd9-4453-a1db-bf9cfdd78257,2020-02-26T16:44:32Z,OTHER,99,CHIP_FALLBACK,106.0,392.78,FL,12,1,1
1dbd2aab-ff8f-46a2-842c-f6b8e4ae3776,2020-02-26T16:40:54Z,OTHER,99,CHIP_FALLBACK,215.95,176.83,FL,12,1,1
cdb1f755-254d-472a-8018-145ec4a6f47c,2020-02-26T16:22:52Z,OTHER,98,CHIP_FALLBACK,144.45,32.38,FL,26,1,1
6738f0c2-28a2-4c78-854a-957720fcc0c2,2020-02-26T15:04:56Z,OTHER,75,CHIP_FALLBACK,8.52,23.86,FL,12,1,1
d02a8848-af71-4c05-9571-7a42de47211b,2020-02-26T03:41:28Z,ECOMMERCE,42,MANUAL,25.0,531.50,,,0,0
81f0a150-bc1b-4836-a661-4607aaf4574a,2020-02-26T01:47:38Z,OTHER,98,MANUAL,90.62,66.99,CA,06,1,1
06e8d037-928f-452a-9349-3fc520d8fcad,2020-02-23T09:02:39Z,ECOMMERCE,13,MANUAL,9.99,0.00,CA,06,0,0
8395b57f-2498-4071-bfb6-b0d93eff0a54,2020-02-11T15:06:24Z,OTHER,34,MANUAL,1000.0,463.50,LA,22,1,1
68f5e076-5a42-4836-93a8-7f4ff2c8595f,2020-02-11T15:04:22Z,OTHER,69,MANUAL,63.6,1463.50,LA,22,0,1
decfdccf-8bf1-4a7b-9d4f-3ae377f8d2dd,2020-01-31T05:40:54Z,OTHER,75,MANUAL,1012.46,14.88,CA,06,1,1
89ac5192-d590-4255-bc91-31fb357429db,2020-01-31T04:20:41Z,OTHER,91,MANUAL,500.57,1027.34,CA,06,1,1
c22c6ed0-7378-42fe-873b-1e10740be22e,2020-01-31T04:10:53Z,OTHER,99,MANUAL,504.94,1530.57,CA,06,0,1
74ced219-69e5-477c-a571-ecdc5f7483dd,2020-01-27T00:06:34Z,OTHER,60,MANUAL,1009.88,7599.58,CA,06,1,1
30bddefc-f9b7-41f8-8910-c70ad1a85861,2020-01-27T00:04:33Z,OTHER,72,MANUAL,883.98,8609.46,CA,06,1,1
b879a278-f372-4f8c-9b95-579a6d191988,2020-01-26T23:56:06Z,OTHER,60,MANUAL,115.76,14027.91,CA,06,0,1
f05c7757-33f0-4b2d-be3f-d9079ff3f157,2020-01-26T06:54:35Z,OTHER,95,MANUAL,704.94,13042.78,CA,06,0,1
72e96d65-172c-44c9-a949-5021ee66fa4c,2020-01-12T19:24:06Z,ECOMMERCE,27,UNKNOWN,458.99,36.00,AR,05,0,0
f226cabf-8bd5-41cf-b6e5-4da058bea914,2020-01-02T18:06:51Z,ECOMMERCE,34,MANUAL,314.37,214.37,,,0,0
b98606b4-6a13-4bac-9e24-d20e42caf3a0,2019-12-04T20:04:11Z,ECOMMERCE,58,MANUAL,2.78,4345.83,,,0,0
deaa41ca-f4de-4390-ba7a-39b481ce466b,2019-11-27T16:07:25Z,OTHER,76,MANUAL,706.11,2127.40,CA,06,0,1
27d7ea3d-6648-43a1-80f2-1ea7d3b58e54,2019-11-27T16:02:16Z,OTHER,80,MANUAL,680.44,1446.96,CA,06,0,1
2f8b4ff9-37c3-4eba-8e5f-03e9d7b5b0ed,2019-11-27T15:59:50Z,OTHER,85,MANUAL,428.85,1018.11,CA,06,0,1
9acec702-a093-4109-8ce5-5f631e3026a0,2019-11-27T15:55:40Z,OTHER,55,MANUAL,890.66,0.00,CA,06,1,1
2cf2b7b9-62f8-4bfa-b07f-ad81cc438c0a,2019-11-27T14:57:32Z,OTHER,87,MANUAL,127.45,890.66,CA,06,0,1
e2d1e925-5b61-4dcc-a71c-0f151d90eeb8,2019-09-10T15:50:11Z,ECOMMERCE,99,MANUAL,544.54,0.00,,,0,0
6e6e656b-5f48-408f-9dc4-bd865391695d,2019-09-09T14:10:24Z,ECOMMERCE,59,MANUAL,969.1,1156.96,,,0,0
6f7431bf-9a22-4ee9-9d5b-556e8714f903,2019-09-09T14:03:31Z,ECOMMERCE,76,MANUAL,470.55,4892.68,,,0,0
c451ba0f-25ed-4027-9081-eee4f95647b9,2019-09-09T13:59:52Z,ECOMMERCE,72,MANUAL,400.56,4492.12,,,0,0
3d20282b-a9c2-47f9-80f7-6daf501e3b6a,2019-09-03T05:41:30Z,ECOMMERCE,62,MANUAL,410.13,442.11,,,0,0
3bc77a2b-2b02-459d-b982-62b825139798,2019-09-01T18:45:55Z,ECOMMERCE,98,MANUAL,136.14,0.00,,,0,0
44cf84d5-ef83-4c8d-90f1-a9d2048e820f,2019-09-01T18:43:25Z,ECOMMERCE,99,MANUAL,136.14,136.14,,,0,0
fb88d284-d4b2-460e-b6a1-3b63c242b60e,2019-08-29T09:35:41Z,OTHER,35,MAGSTRIPE,149.97,0.00,12,12,1,1
a58dd136-8306-419d-bd8b-b4d16ff28656,2019-08-29T09:26:01Z,OTHER,35,MAGSTRIPE,150.0,0.00,12,12,1,1
be4e81ba-6255-466d-9b3f-2e6d44f6f709,2019-08-17T21:10:30Z,ECOMMERCE,91,MANUAL,136.08,884.20,,,0,0
7ee937f9-0edb-474b-8348-7c48667688c4,2019-08-17T21:08:43Z,ECOMMERCE,94,MANUAL,136.08,1020.28,,,0,0
8600b193-1109-4594-94c9-65b8f0f9ae40,2019-08-17T20:58:10Z,ECOMMERCE,38,MANUAL,442.1,442.10,,,0,0
a4a25a1b-8fb0-425c-a9eb-ed125e0a1d1b,2019-08-17T20:54:23Z,ECOMMERCE,38,MANUAL,442.1,0.00,,,0,0
48679f22-bf37-40ad-814b-3c645f43628a,2019-07-20T11:35:22Z,OTHER,28,MAGSTRIPE,7.56,333.55,,,1,1
409958c9-f969-4d47-95c1-915769e48f8e,2019-07-20T04:53:00Z,OTHER,21,MAGSTRIPE,16.3,341.11,,,1,1
7e988ce3-fb2b-4e44-847e-350f93ddd01b,2019-07-19T12:40:16Z,OTHER,26,MAGSTRIPE,7.56,497.21,,,1,1
07f13bfc-2d4c-4916-897e-4d0616cf866b,2019-07-19T04:43:13Z,OTHER,45,MAGSTRIPE,17.98,551.76,,,1,1
464b93a4-e209-42d9-85e9-c914b7f4db44,2019-07-19T03:15:35Z,OTHER,25,MAGSTRIPE,5.32,504.77,,,1,1
b451d690-79c9-4528-8ac7-1e6e9e79cebf,2019-06-29T19:05:26Z,OTHER,80,CHIP_FALLBACK,9.63,999.66,FL,12,1,1
c25a1c5f-bd8d-4c26-b2e1-ddc77cf978b5,2019-06-29T15:27:51Z,OTHER,70,CHIP_FALLBACK,27.8,1009.29,FL,12,1,1
ba440b30-6475-49f0-a2f1-871e142b2725,2019-06-29T15:27:11Z,OTHER,59,CHIP_FALLBACK,79.13,1037.09,FL,12,1,1
88591bac-febc-4819-9348-29e303b819a3,2019-06-29T06:21:01Z,OTHER,35,CHIP_FALLBACK,103.15,896.51,FL,12,1,1
02243c63-de8c-4c93-9e72-e4150ad1939f,2019-06-28T17:04:02Z,OTHER,81,CHIP_FALLBACK,18.18,656.52,FL,12,1,1
c46bd047-0400-4bf7-8f72-0060d0d4c10a,2019-06-28T16:45:58Z,OTHER,82,CHIP_FALLBACK,112.35,544.17,FL,12,1,1
83c742b2-4549-4bba-b1f8-fef1cbfb06d3,2019-06-25T22:22:20Z,OTHER,94,MANUAL,1021.7,955.53,WA,53,0,1
6eeaafbd-ac10-4b4b-8bf2-4c13fdeb036c,2019-06-06T13:59:48Z,ECOMMERCE,89,MANUAL,48.8,1955.31,,,0,0
9b66c973-c26a-4bfc-863c-03c2bf4c1ab2,2019-06-06T13:34:37Z,ECOMMERCE,93,MANUAL,83.99,1871.63,,,0,0
d59dab60-0e40-4743-abbe-8e9b423fffa9,2019-05-28T18:36:12Z,OTHER,32,MANUAL,201.6,248.30,FL,12,0,1
19c55e70-30dc-4d34-a01a-8437ad594c22,2019-05-21T13:15:02Z,ECOMMERCE,71,MANUAL,183.63,1131.48,,,0,0
2aa18532-6aa4-467d-87e9-d7d9d57dbd29,2019-05-07T15:47:03Z,OTHER,81,CHIP_FALLBACK,2.14,122.81,MA,25,1,1
a6e1692c-a167-43e7-b48b-92e43f46377e,2019-05-06T21:37:37Z,OTHER,66,CHIP_FALLBACK,12.0,124.95,RI,44,1,1
ec82a09d-fac7-4e62-b80f-ee07678d60b6,2019-05-06T21:12:34Z,OTHER,40,CHIP_FALLBACK,12.0,136.95,RI,44,1,1
4604f19c-76b6-465a-bf6d-59ae3e97777f,2019-01-27T21:00:20Z,ECOMMERCE,98,MANUAL,1426.6,4374.92,,,0,0
3aeefa7e-23dd-4ed7-8954-62ee3caaa993,2018-12-25T12:30:50Z,ECOMMERCE,64,MANUAL,220.0,1270.96,NJ,34,0,0
0a62c4fa-042f-4679-a925-97281edbd3fd,2018-12-25T12:22:59Z,ECOMMERCE,61,MANUAL,220.0,1050.96,NJ,34,0,0
67c1eaba-a039-4dc0-8caf-7ccc73802353,2018-12-25T12:08:10Z,ECOMMERCE,86,MANUAL,195.0,2100.96,NJ,34,0,0
911ea9e0-37d0-47a3-b1f1-45c90a8fe32b,2018-12-25T11:12:46Z,ECOMMERCE,43,MANUAL,220.0,1490.96,NJ,34,0,0
54d15f07-ed3c-4ac0-aeb8-0b49e1330bc6,,,,,176.4,92.64,AR,,,
c94b7527-ba36-4a1e-acc2-c38753a18021,,,,,76.18,1351.9,IL,,,
eccc2d43-a93f-46ce-9d77-cfbef6a70790,,,,,620.85,40.93,UT,,,